cluster_id,size,avg_roughness,avg_anisotropy,avg_complexity,avg_vein_density,most_common_disease,disease_distribution
0,114,504.62279921121257,4.4706429872490626e-05,2.064578959656483,0.2937231121889545,Tomato___Tomato_mosaic_virus,"{np.int64(1): 3, np.int64(3): 1, np.int64(4): 42, np.int64(5): 12, np.int64(6): 2, np.int64(7): 4, np.int64(8): 46, np.int64(9): 4}"
1,129,220.07695655707536,0.00013424683063137285,2.0048930490744516,0.24901138689487426,Tomato___healthy,"{np.int64(0): 35, np.int64(1): 16, np.int64(2): 9, np.int64(3): 13, np.int64(4): 4, np.int64(5): 5, np.int64(6): 2, np.int64(7): 2, np.int64(9): 43}"
2,139,795.5152192573595,2.3550208146985077e-05,2.0712137119450063,0.2938343362299956,Tomato___Target_Spot,"{np.int64(0): 1, np.int64(1): 2, np.int64(2): 41, np.int64(3): 2, np.int64(4): 2, np.int64(5): 1, np.int64(6): 46, np.int64(7): 38, np.int64(8): 3, np.int64(9): 3}"
3,114,487.7242003837712,8.086690738660274e-05,2.0381526458347015,0.2585883654448622,Tomato___Spider_mites Two-spotted_spider_mite,"{np.int64(0): 14, np.int64(1): 29, np.int64(3): 30, np.int64(4): 2, np.int64(5): 32, np.int64(7): 6, np.int64(8): 1}"
4,4,170.71289243395213,0.012424383246498432,1.7815379104307452,0.07385503029336735,Tomato___Leaf_Mold,{np.int64(3): 4}
