filename,true_label,predicted_disease,confidence,texture_cluster,roughness,anisotropy,complexity,vein_density
01a3cf3f-94c1-44d5-8972-8c509d62558e___GCREC_Bact.Sp 3396.JPG,Tomato___Bacterial_spot,Tomato___Early_blight,0.9738329648971558,4,201.46071420616082,0.05409388992817463,2.0,0.08715322066326531
01a46cb5-d354-4f59-868e-e56186701541___GCREC_Bact.Sp 5638.JPG,Tomato___Bacterial_spot,Tomato___Late_blight,0.5031332969665527,4,123.54935036504936,0.038669882636485804,2.0,0.08705357142857142
01d7f4fe-793f-4a9b-bc8b-8aa05200984f___GCREC_Bact.Sp 2984.JPG,Tomato___Bacterial_spot,Tomato___Late_blight,0.9555263519287109,4,118.5994425903461,0.03182797491447534,2.0,0.0558235012755102
01d9fc8d-5083-468d-a583-885f33517cdd___GCREC_Bact.Sp 3422.JPG,Tomato___Bacterial_spot,Tomato___Late_blight,0.9937614798545837,4,169.44887173125622,0.04160634042021592,-0.17142857142857149,0.07017299107142858
01e079ba-939a-4681-8983-db663f4a859b___GCREC_Bact.Sp 3029.JPG,Tomato___Bacterial_spot,Tomato___Early_blight,0.823248565196991,4,183.4405674868311,0.03637220897273072,2.0,0.08974410076530612
